,고객번호,이름,주소,상세주소,이메일,아이디,가입 날짜
0,1,양강철,,법조로134,rkdcjf1358@naver.com,didrkdcjf,2023-05-08 15:19:41
1,4,양강철,,경기 수원시 영통구 법조로 134,rkdcjf1358@naver.com,abc,2023-05-10 11:12:38
2,5,강철수정시이팟,,경기 수원시 영통구 법조로 134,rkdcjf1358@naver.com,asdf,2023-05-10 12:28:50
3,6,수정완료,,울산 중구 만남의거리 1,rkdcjf1358@naver.com,asdfasdf,2023-05-10 12:37:55
4,7,수정완료,,울산 중구 만남의거리 1,rkdcjf1358@naver.com,asdfasdf11,2023-05-10 12:37:55
5,8,수정완료,,울산 중구 만남의거리 1,rkdcjf1358@naver.com,asdfasdf22,2023-05-10 12:37:55
6,9,수정완료,,울산 중구 만남의거리 1,rkdcjf1358@naver.com,asdfasdf33,2023-05-10 12:37:55
7,10,수정완료,,울산 중구 만남의거리 1,rkdcjf1358@naver.com,asdfasdf44,2023-05-10 12:37:55
8,11,수정완료,,울산 중구 만남의거리 1,rkdcjf1358@naver.com,asdfasdf55,2023-05-10 12:37:55
9,12,수정완료,,울산 중구 만남의거리 1,rkdcjf1358@naver.com,asdfasdf66,2023-05-10 12:37:55
10,13,컨펌수정,,울산 중구 만남의거리 1,rkdcjf1358@naver.com,asdfasdf77,2023-05-10 12:37:55
11,14,수정완료,,울산 중구 만남의거리 1,rkdcjf1358@naver.com,4444,2023-05-10 12:37:55
12,15,수정완료,,울산 중구 만남의거리 1,rkdcjf1358@naver.com,333,2023-05-10 12:37:55
13,17,수정완료,,울산 중구 만남의거리 1,rkdcjf1358@naver.com,aavb,2023-05-10 12:37:55
14,18,수정완료,,울산 중구 만남의거리 1,rkdcjf1358@naver.com,ababdfh,2023-05-10 12:37:55
15,19,수정완료,,울산 중구 만남의거리 1,rkdcjf1358@naver.com,csvTest,2023-05-10 12:37:55
16,20,수정완료,,울산 중구 만남의거리 1,rkdcjf1358@naver.com,csvTest2,2023-05-10 12:37:55
17,22,수정완료,,울산 중구 만남의거리 1,rkdcjf1358@naver.com,csvTest4,2023-05-10 12:37:55
18,25,강철수정,,경기 성남시 분당구 대왕판교로 477,rkdcjf1358@naver.com,rkdcjf1234,2023-05-12 17:20:29
